名称,链接,类型
公众号流量主赚钱，8000字的详细教程。,https://t.zsxq.com/UxPqS,渠道/引流
市场营销工具-百度关键词规划师,https://t.zsxq.com/4qmPV,营销工具
如何做内容规划？,https://t.zsxq.com/vbBSy,生产制造
「天马黑珍珠」社群课程和干货指南,https://t.zsxq.com/Ad04n,营销工具
小红书引流方法合集,https://t.zsxq.com/Ososa,渠道/引流
市场营销工具-定位工具,https://t.zsxq.com/oyigc,营销工具
「天马黑珍珠」小红书营销手册V1.0,https://t.zsxq.com/3ZHeC,渠道/引流
市场营销工具-5118使用,https://t.zsxq.com/qQe7T,营销工具
新人如何做亚马逊新品资料？,https://t.zsxq.com/abVsz,渠道/引流
零基础做视频号带货两周，佣金8k+,https://t.zsxq.com/bGgbj,渠道/引流
教师资格证的项目能不能做？,https://t.zsxq.com/YXLMv,分析拆解
如何进行撰写内容（模仿）？,https://t.zsxq.com/DkA4e,生产制造
什么叫有价值的复盘,https://t.zsxq.com/YZrUY,生产制造
知乎招募任务分享,https://t.zsxq.com/aPit2,渠道/引流
如何从零开启闲鱼无货源项目,https://t.zsxq.com/ESQdR,渠道/引流
想做求职类的项目，可以吗？,https://t.zsxq.com/ZkQxN,分析拆解
利用关键词在抖音，0费用，2小时投入，引流用户31109到公众号,https://t.zsxq.com/tcAVp,渠道/引流