标题,链接,分类
小红书渠道,,"小红书, 渠道引流"
" 知乎渠道",,"渠道引流, 知乎"
微博渠道,,"微博, 渠道引流"
如何0基础做到8700粉丝的小红书？,https://t.zsxq.com/qukA5,"小红书, 渠道引流"
小红书账号卖货，如何做？（一）,https://t.zsxq.com/Gaabq,"小红书, 渠道引流"
小红书账号卖货，如何做？（二）,https://t.zsxq.com/4RSgn,"小红书, 渠道引流"
小红书账号卖货，如何做？（三）,https://t.zsxq.com/RPTYB,"小红书, 渠道引流"
带有启迪性的风向标——把小红书做成搜索引擎。,https://t.zsxq.com/hyDwl,"小红书, 渠道引流"
" 小红书基础内容",,"小红书, 小红书基础内容"
怎么做小红书,https://t.zsxq.com/j2hB3,"小红书, 小红书基础内容, 渠道引流"
小红书基础运营,https://t.zsxq.com/boz4Q,"小红书, 小红书基础内容, 渠道引流"
关于小红书起号,https://t.zsxq.com/ToSc7,"小红书, 小红书基础内容, 渠道引流"
小红书运营的基础设置,https://t.zsxq.com/cK7L0,"小红书, 小红书基础内容, 渠道引流"
小红书如何定位和变现？,https://t.zsxq.com/hJGLi,"小红书, 小红书基础内容, 渠道引流"
分析小红书得到的三点建议,https://t.zsxq.com/EyQlK,"小红书, 小红书基础内容, 渠道引流"
小红书的“地点”如何填写？,https://t.zsxq.com/8sTAa,"小红书, 小红书基础内容, 渠道引流"
小红书多账号矩阵玩法。,https://t.zsxq.com/A668L,"小红书, 小红书基础内容, 渠道引流"
如何回复小红书评论区要资源的人,https://t.zsxq.com/3G3J1,"小红书, 小红书基础内容, 渠道引流"
小红书的封面怎么选？给你一个借鉴的方法，简单粗暴！,https://t.zsxq.com/pDLyI,"小红书, 小红书基础内容, 渠道引流"
小红书如何选择封面？,https://t.zsxq.com/sbw2Y,"小红书, 小红书基础内容, 渠道引流"
小红书清单体笔记制作详细教程,https://t.zsxq.com/0Z9WA,"小红书, 小红书基础内容, 渠道引流"
小红书标题技巧,https://t.zsxq.com/erMD1,"小红书, 小红书基础内容, 渠道引流"
如何添加小红书的话题？,https://t.zsxq.com/Y69k8,"小红书, 小红书基础内容, 渠道引流"
关于小红书tag与关键词数据,https://t.zsxq.com/9ZtyE,"小红书, 小红书基础内容, 渠道引流"
小红书的标题怎么用？怎么获取到更多的流量？,https://t.zsxq.com/6IPrp,"小红书, 小红书基础内容, 渠道引流"
小红书内容怎么布局,https://t.zsxq.com/196KWRVpl,"小红书, 小红书基础内容, 渠道引流"
小红书增加文章互动的方法,https://t.zsxq.com/YqIfP,"小红书, 小红书基础内容, 渠道引流"
小红书标题生成器,https://t.zsxq.com/wg2Jy,"小红书, 小红书基础内容, 渠道引流"
小红书引流,,"小红书, 小红书引流"
小红书怎么做矩阵？怎么实现引流最大化？,https://t.zsxq.com/HbRxD,"小红书, 小红书引流"
如何提升小红书涨粉和转化？,,
如何提升小红书涨粉和转化？,https://t.zsxq.com/EZSs4,"小红书, 小红书引流"
小红书粗暴引流方法论,https://t.zsxq.com/Vy89x,"小红书, 小红书引流"
小红书引流：从他人评论区里引流,https://t.zsxq.com/q4GpG,"小红书, 小红书引流"
小红书引流方法,https://t.zsxq.com/QOUQN,"小红书, 小红书引流"
小红书如何引流？,https://t.zsxq.com/PkRix,"小红书, 小红书引流"
小红书小剧场的引流,https://t.zsxq.com/A04Zf,"小红书, 小红书引流"
小红书小剧场引流方法论,https://t.zsxq.com/lgbaV,"小红书, 小红书引流"
小红书引流,https://t.zsxq.com/0daYh,"小红书, 小红书引流"
如何在小红书进行引流,https://t.zsxq.com/3MPNm,"小红书, 小红书引流"
如何做小红书的资料引流,https://t.zsxq.com/8ySRz,"小红书, 小红书引流"
小红书站外引流方法,https://t.zsxq.com/Wuzqv,"小红书, 小红书引流"
小红书资料引流方法,https://t.zsxq.com/TcGUl,"小红书, 小红书引流"
一个很值得借鉴的小红书引流到淘宝的案例,https://t.zsxq.com/3LsUx,"小红书, 小红书引流"
小红书引流方法,https://t.zsxq.com/OCV7K,"小红书, 小红书引流"
小红书引流方式,https://t.zsxq.com/uxybN,"小红书, 小红书引流"
小红书引流方式,https://t.zsxq.com/7bAM3,"小红书, 小红书引流"
小红书引流技巧,https://t.zsxq.com/zxazw,"小红书, 小红书引流"
小红书引流注意点！,https://t.zsxq.com/yxpR1,"小红书, 小红书引流"
小红书简单粗暴的引流方法,https://t.zsxq.com/s4cUD,"小红书, 小红书引流"
小红书违规处理,,"小红书, 小红书违规"
小红书被封禁的原因？,https://t.zsxq.com/BESlL,"小红书, 小红书违规"
小红书笔记违规了怎么办？,https://t.zsxq.com/1BAu1,"小红书, 小红书违规"
小红书笔记违规怎么处理,https://t.zsxq.com/JEsO7,"小红书, 小红书违规"
小红书没有数据怎么办？,https://t.zsxq.com/x3DPt,"小红书, 小红书违规"
小红书笔记本限流了怎么办？,https://t.zsxq.com/ZrDxF,"小红书, 小红书违规"
小红书内容你觉得能爆，但是没有怎么办？,https://t.zsxq.com/AOHg9,"小红书, 小红书违规"
小红书数据不好怎么办？,https://t.zsxq.com/ffz2I,"小红书, 小红书违规"
小红书数据突然不好了，是因为什么？,https://t.zsxq.com/WKHZu,"小红书, 小红书违规"
小红书需要养号吗？,https://t.zsxq.com/jhJzW,"小红书, 小红书违规"
小红书引流被限制后续。,https://t.zsxq.com/c9Fn2,"小红书, 小红书违规"
小红书违禁词高危词汇排查工具,https://t.zsxq.com/8XJhu,"小红书, 小红书违规"
「知乎赚钱手册」,https://t.zsxq.com/Q5zrh,"渠道引流, 知乎"
如何利用知乎打造赚钱的机器！,https://t.zsxq.com/8eAEV,"渠道引流, 知乎"
知乎写内容的时候，行为结构应该怎么写？,https://t.zsxq.com/KhJiF,"渠道引流, 知乎"
怎么在知乎写回答，能获得高赞，收藏，关注？,https://t.zsxq.com/MLHsn,"渠道引流, 知乎"
如何布局引流的场景，看起来更加的增加信任？,https://t.zsxq.com/BzApL,"渠道引流, 知乎"
快速写B乎问答的方法,https://t.zsxq.com/Fp0mv,"渠道引流, 知乎"
如何提升知乎流量,https://t.zsxq.com/PbKfl,"渠道引流, 知乎"
知乎引流方法,https://t.zsxq.com/Migxe,"渠道引流, 知乎"
小剧场布局,https://t.zsxq.com/y1sMz,"渠道引流, 知乎"
用5118新媒体运营神器进行知乎涨分,https://t.zsxq.com/spORY,"渠道引流, 知乎"
知乎打通模式,https://t.zsxq.com/ya7qR,"渠道引流, 知乎"
知乎买账号需要注意的事情,https://t.zsxq.com/2J1oB,"渠道引流, 知乎"
做知乎好物，一定要重视这些细节！,https://t.zsxq.com/ayiXR,"渠道引流, 知乎"
知乎快速涨盐值的方法（一）,https://t.zsxq.com/GzcLD,"渠道引流, 知乎"
知乎快速涨盐值的方法（二）,https://t.zsxq.com/6h2fZ,"渠道引流, 知乎"
知乎如何快速涨盐值（实操贴）,https://t.zsxq.com/AvF1i,"渠道引流, 知乎"
知乎怎么快速涨分？,https://t.zsxq.com/kEzAW,"渠道引流, 知乎"
提升知乎创作等级的复盘,https://t.zsxq.com/ulr5y,"渠道引流, 知乎"
【评论区引流】如何利用微博的热评引流,https://t.zsxq.com/hJ7Jg,"微博, 渠道引流"
【评论区引流】微博评论区到底怎么引流？,https://t.zsxq.com/AxmhP,"微博, 渠道引流"
【评论区引流】微博如何涨粉,https://t.zsxq.com/qlyes,"微博, 渠道引流"
【评论区引流】在微博利用故事型文案引流,https://t.zsxq.com/NabYT,"微博, 渠道引流"
微博进入到热门流的方法,https://t.zsxq.com/qdlnR,"微博, 渠道引流"
微博平台如何上热门流,https://t.zsxq.com/N1LQe,"微博, 渠道引流"
微博引流方法论,https://t.zsxq.com/9jLLh,"微博, 渠道引流"
微博涨粉的方法,https://t.zsxq.com/rCIUI,"微博, 渠道引流"
现在做微博还有希望吗？,https://t.zsxq.com/Z5Du4,"微博, 渠道引流"
这个渠道可以一直铺关键词！,https://t.zsxq.com/cbdd6,"微博, 渠道引流"
小红书营销指南,https://t.zsxq.com/3ZHeC,